what,kind,bundleId,bundleVersion,description,time
started,bundle,org.eclipse.equinox.p2.repository,2.1.1.v20120113-1346,"org.eclipse.equinox.p2.repository",1348783448190
started,bundle,org.eclipse.equinox.p2.ui.sdk.scheduler,1.0.100.v20110815-1419,"org.eclipse.equinox.p2.ui.sdk.scheduler",1348783448256
started,bundle,org.eclipse.equinox.p2.updatechecker,1.1.200.v20110815-1419,"org.eclipse.equinox.p2.updatechecker",1348783448271
started,bundle,org.eclipse.equinox.preferences,3.4.2.v20120111-2020,"org.eclipse.equinox.preferences",1348783448300
started,bundle,org.eclipse.equinox.registry,3.5.101.R37x_v20110810-1611,"org.eclipse.equinox.registry",1348783448315
started,bundle,org.eclipse.equinox.security,1.1.1.R37x_v20110822-1018,"org.eclipse.equinox.security",1348783448380
started,bundle,org.eclipse.jdt.core,3.7.3.v20120119-1537,"org.eclipse.jdt.core",1348783448483
started,bundle,org.eclipse.jdt.core.manipulation,1.4.0.v20110928-1453,"org.eclipse.jdt.core.manipulation",1348783448619
started,bundle,org.eclipse.jdt.debug,3.7.1.v20111006_r372,"org.eclipse.jdt.debug",1348783448710
started,bundle,org.eclipse.jdt.junit,3.7.0.v20110928-1453,"org.eclipse.jdt.junit",1348783448740
started,bundle,org.eclipse.jdt.launching,3.6.1.v20111006_r372,"org.eclipse.jdt.launching",1348783448765
started,bundle,org.eclipse.jdt.ui,3.7.2.v20120109-1427,"org.eclipse.jdt.ui",1348783448765
started,bundle,org.eclipse.jface,3.7.0.v20110928-1505,"org.eclipse.jface",1348783448784
started,bundle,org.eclipse.jst.ws.jaxws.utils,1.0.100.v201201031437,"org.eclipse.jst.ws.jaxws.utils",1348783448841
started,bundle,org.eclipse.ltk.core.refactoring,3.5.201.r372_v20111101-0700,"org.eclipse.ltk.core.refactoring",1348783448916
started,bundle,org.eclipse.ltk.ui.refactoring,3.6.0.v20110928-1453,"org.eclipse.ltk.ui.refactoring",1348783448979
started,bundle,org.eclipse.m2e.logback.configuration,1.0.200.20111228-1245,"org.eclipse.m2e.logback.configuration",1348783449033
started,bundle,org.eclipse.pde.ui,3.6.100.v20120103_r372,"org.eclipse.pde.ui",1348783449110
started,bundle,org.eclipse.search,3.7.0.v20110928-1504,"org.eclipse.search",1348783449132
started,bundle,org.eclipse.team.ui,3.6.101.R37x_v20111109-0800,"org.eclipse.team.ui",1348783449164
started,bundle,org.eclipse.ui,3.7.0.v20110928-1505,"org.eclipse.ui",1348783449202
started,bundle,org.eclipse.ui.console,3.5.100.v20111007_r372,"org.eclipse.ui.console",1348783449216
started,bundle,org.eclipse.ui.editors,3.7.0.v20110928-1504,"org.eclipse.ui.editors",1348783449216
started,bundle,org.eclipse.ui.forms,3.5.101.v20111011-1919,"org.eclipse.ui.forms",1348783449234
started,bundle,org.eclipse.ui.ide,3.7.0.v20110928-1505,"org.eclipse.ui.ide",1348783449304
started,bundle,org.eclipse.ui.net,1.2.100.v20111208-1155,"org.eclipse.ui.net",1348783449360
started,bundle,org.eclipse.ui.views,3.6.0.v20110928-1505,"org.eclipse.ui.views",1348783449390
started,bundle,org.eclipse.ui.workbench,3.7.1.v20120104-1859,"org.eclipse.ui.workbench",1348783449409
started,bundle,org.eclipse.ui.workbench.texteditor,3.7.0.v20110928-1504,"org.eclipse.ui.workbench.texteditor",1348783449476
started,bundle,com.android.ide.eclipse.adt,15.0.0.v201110251216-213216,"com.android.ide.eclipse.adt",1348783449509
started,bundle,com.android.ide.eclipse.ddms,15.0.0.v201110251216-213216,"com.android.ide.eclipse.ddms",1348783449613
started,bundle,org.eclipse.mylyn.bugzilla.core,3.7.0.v20120319-0200,"org.eclipse.mylyn.bugzilla.core",1348783449649
started,bundle,org.eclipse.mylyn.bugzilla.ui,3.7.0.v20120319-0200,"org.eclipse.mylyn.bugzilla.ui",1348783449696
started,bundle,com.google.appengine.eclipse.core,2.6.0.v201205021203-rel-r37,"com.google.appengine.eclipse.core",1348783449697
started,bundle,com.google.gdt.eclipse.appengine.rpc,2.6.0.v201205021203-rel-r37,"com.google.gdt.eclipse.appengine.rpc",1348783449726
started,bundle,com.google.gdt.eclipse.core,2.6.0.v201205021203-rel-r37,"com.google.gdt.eclipse.core",1348783449758
started,bundle,com.google.gdt.eclipse.login,2.6.0.v201205021203-rel-r37,"com.google.gdt.eclipse.login",1348783449760
started,bundle,com.google.gdt.eclipse.managedapis,2.6.0.v201205021203-rel-r37,"com.google.gdt.eclipse.managedapis",1348783449761
started,bundle,com.google.gdt.eclipse.platform.shared,2.6.0.v201205021203-rel-r37,"com.google.gdt.eclipse.platform.shared",1348783449768
started,bundle,com.google.gdt.eclipse.suite.ext,2.6.0.v201205021203-rel-r37,"com.google.gdt.eclipse.suite.ext",1348783449769
started,bundle,com.google.gwt.eclipse.core,2.6.0.v201205021203-rel-r37,"com.google.gwt.eclipse.core",1348783449770
started,bundle,org.eclipse.mylyn.commons.core,3.7.1.v20120425-0100,"org.eclipse.mylyn.commons.core",1348783449816
started,bundle,org.eclipse.mylyn.commons.ui,3.7.1.v20120425-0100,"org.eclipse.mylyn.commons.ui",1348783449844
started,bundle,org.eclipse.mylyn.commons.workbench,3.7.1.v20120425-0100,"org.eclipse.mylyn.commons.workbench",1348783449856
started,bundle,com.google.gdt.eclipse.mobile.android,2.6.0.v201205021203-rel-r37,"com.google.gdt.eclipse.mobile.android",1348783449857
started,bundle,org.eclipse.egit.core,1.3.0.201202151440-r,"org.eclipse.egit.core",1348783449873
started,bundle,org.eclipse.egit.ui,1.3.0.201202151440-r,"org.eclipse.egit.ui",1348783449903
started,bundle,org.eclipse.jgit,1.3.0.201202151440-r,"org.eclipse.jgit",1348783449905
started,bundle,org.eclipse.mylyn.commons.net,3.7.1.v20120425-0100,"org.eclipse.mylyn.commons.net",1348783449905
started,bundle,org.eclipse.mylyn.commons.notifications.core,0.9.1.v20120425-0100,"org.eclipse.mylyn.commons.notifications.core",1348783449924
started,bundle,org.eclipse.mylyn.commons.notifications.feed,0.9.1.v20120425-0100,"org.eclipse.mylyn.commons.notifications.feed",1348783449946
started,bundle,org.eclipse.mylyn.context.core,3.7.1.v20120425-0100,"org.eclipse.mylyn.context.core",1348783449967
started,bundle,org.eclipse.mylyn.context.tasks.ui,3.7.1.v20120425-0100,"org.eclipse.mylyn.context.tasks.ui",1348783449979
started,bundle,org.eclipse.mylyn.monitor.ui,3.7.1.v20120425-0100,"org.eclipse.mylyn.monitor.ui",1348783449996
started,bundle,org.eclipse.mylyn.tasks.ui,3.7.1.v20120425-0100,"org.eclipse.mylyn.tasks.ui",1348783450049
started,bundle,org.eclipse.mylyn.team.ui,3.7.1.v20120425-0100,"org.eclipse.mylyn.team.ui",1348783450068
started,bundle,org.eclipse.wb.core,1.5.0.r37x201206111201,"org.eclipse.wb.core",1348783450101
started,bundle,org.eclipse.wb.core.lib,1.5.0.r37x201206111201,"org.eclipse.wb.core.lib",1348783450129
started,bundle,org.eclipse.wb.discovery.core,1.5.0.r37x201206111213,"org.eclipse.wb.discovery.core",1348783450180
os,sysinfo,,,"win32",1348783450190
arch,sysinfo,,,"x86_64",1348783450190
ws,sysinfo,,,"win32",1348783450190
locale,sysinfo,,,"de_DE",1348783450190
processors,sysinfo,,,"2",1348783450190
java.runtime.name,sysinfo,,,"Java(TM) SE Runtime Environment",1348783450190
java.runtime.version,sysinfo,,,"1.6.0_25-b06",1348783450190
java.specification.name,sysinfo,,,"Java Platform API Specification",1348783450190
java.specification.vendor,sysinfo,,,"Sun Microsystems Inc.",1348783450190
java.specification.version,sysinfo,,,"1.6",1348783450190
java.vendor,sysinfo,,,"Sun Microsystems Inc.",1348783450190
java.version,sysinfo,,,"1.6.0_25",1348783450190
java.vm.info,sysinfo,,,"mixed mode",1348783450190
java.vm.name,sysinfo,,,"Java HotSpot(TM) 64-Bit Server VM",1348783450190
java.vm.specification.name,sysinfo,,,"Java Virtual Machine Specification",1348783450190
java.vm.specification.vendor,sysinfo,,,"Sun Microsystems Inc.",1348783450190
java.vm.specification.version,sysinfo,,,"1.0",1348783450190
java.vm.vendor,sysinfo,,,"Sun Microsystems Inc.",1348783450190
java.vm.version,sysinfo,,,"20.0-b11",1348783450190
started,bundle,org.eclipse.m2e.usagedata,1.0.200.20111228-1245,"org.eclipse.m2e.usagedata",1348783450385
started,bundle,org.eclipse.wb.discovery.ui,1.5.0.r37x201206111213,"org.eclipse.wb.discovery.ui",1348783450540
opened,view,org.eclipse.ui.ide,3.7.0.v20110928-1505,"org.eclipse.ui.views.ProblemView",1348783451016
started,bundle,org.eclipse.team.cvs.core,3.3.400.I20110510-0800,"org.eclipse.team.cvs.core",1348783451840
started,bundle,org.eclipse.team.cvs.ui,3.3.401.v20120126-1227,"org.eclipse.team.cvs.ui",1348783452108
started,bundle,org.tigris.subversion.clientadapter,1.6.12,"org.tigris.subversion.clientadapter",1348783452525
started,bundle,org.tigris.subversion.subclipse.core,1.6.18,"org.tigris.subversion.subclipse.core",1348783452563
started,bundle,org.eclipse.compare,3.5.202.R37x_v20111109-0800,"org.eclipse.compare",1348783452696
started,bundle,org.tigris.subversion.subclipse.ui,1.6.18,"org.tigris.subversion.subclipse.ui",1348783452795
activated,view,org.eclipse.jdt.ui,3.7.2.v20120109-1427,"org.eclipse.jdt.ui.PackageExplorer",1348783534919
started,bundle,org.eclipse.wst.jsdt.debug.rhino.ui,1.0.1.v201201112313,"org.eclipse.wst.jsdt.debug.rhino.ui",1348783540490
started,bundle,org.eclipse.pde.core,3.7.1.v20120103_r372,"org.eclipse.pde.core",1348783540682
started,bundle,org.eclipse.wst.jsdt.manipulation,1.0.300.v201104272153,"org.eclipse.wst.jsdt.manipulation",1348783541035
started,bundle,org.eclipse.wst.jsdt.core,1.1.102.v201111090634,"org.eclipse.wst.jsdt.core",1348783541479
started,bundle,org.eclipse.wst.jsdt.ui,1.1.102.v201201131900,"org.eclipse.wst.jsdt.ui",1348783541670
started,bundle,org.eclipse.debug.ui,3.7.102.v20111129-1423_r372,"org.eclipse.debug.ui",1348783548974
started,bundle,org.eclipse.wst.xsl.debug.ui,1.0.200.v201101281837,"org.eclipse.wst.xsl.debug.ui",1348783549076
started,bundle,org.eclipse.m2e.launching,1.0.200.20111228-1245,"org.eclipse.m2e.launching",1348783549555
started,bundle,org.eclipse.jdt.debug.ui,3.6.1.v20111006_r372,"org.eclipse.jdt.debug.ui",1348783549765
deactivated,workbench,org.eclipse.ui.workbench,3.7.1.v20120104-1859,"",1348783570847
started,bundle,org.eclipse.ant.ui,3.5.101.v20120110-1739,"org.eclipse.ant.ui",1348783573789
activated,workbench,org.eclipse.ui.workbench,3.7.1.v20120104-1859,"",1348783574009
executed,command,org.eclipse.jdt.ui,3.7.2.v20120109-1427,"org.eclipse.jdt.ui.edit.text.java.rename.element",1348783574052
opened,editor,org.eclipse.jdt.ui,3.7.2.v20120109-1427,"org.eclipse.jdt.ui.CompilationUnitEditor",1348783600448
activated,editor,org.eclipse.jdt.ui,3.7.2.v20120109-1427,"org.eclipse.jdt.ui.CompilationUnitEditor",1348783600609
executed,command,org.eclipse.ui,3.7.0.v20110928-1505,"org.eclipse.ui.edit.copy",1348783606171
started,bundle,org.eclipse.mylyn.java.tasks,3.7.0.v20120319-0200,"org.eclipse.mylyn.java.tasks",1348783606427
activated,editor,org.eclipse.jdt.ui,3.7.2.v20120109-1427,"org.eclipse.jdt.ui.CompilationUnitEditor",1348783607159
executed,command,org.eclipse.ui,3.7.0.v20110928-1505,"org.eclipse.ui.edit.paste",1348783608844
executed,command,org.eclipse.jdt.ui,3.7.2.v20120109-1427,"org.eclipse.jdt.ui.edit.text.java.format",1348783616454
started,bundle,org.eclipse.wst.server.core,1.1.304.v20120208_1420,"org.eclipse.wst.server.core",1348783654773
started,bundle,org.eclipse.wst.server.ui,1.3.0.v20120210_1439,"org.eclipse.wst.server.ui",1348783654840
executed,command,org.eclipse.ui,3.7.0.v20110928-1505,"org.eclipse.ui.file.saveAll",1348783660141
started,bundle,org.eclipse.wst.common.frameworks,1.2.102.v201201190400,"org.eclipse.wst.common.frameworks",1348783660880
started,bundle,org.eclipse.emf.common,2.7.0.v20120127-1122,"org.eclipse.emf.common",1348783660911
started,bundle,org.eclipse.emf.ecore,2.7.0.v20120127-1122,"org.eclipse.emf.ecore",1348783661290
started,bundle,org.eclipse.wst.common.emf,1.2.100.v201101101900,"org.eclipse.wst.common.emf",1348783661290
started,bundle,org.eclipse.jem.util,2.1.100.v201103021400,"org.eclipse.jem.util",1348783661346
started,bundle,org.eclipse.emf.ecore.xmi,2.7.0.v20120127-1122,"org.eclipse.emf.ecore.xmi",1348783661422
started,bundle,org.eclipse.wst.common.emfworkbench.integration,1.2.101.v201107140600,"org.eclipse.wst.common.emfworkbench.integration",1348783661427
started,bundle,org.eclipse.wst.common.core,1.2.0.v200908252030,"org.eclipse.wst.common.core",1348783661869
started,bundle,org.eclipse.wst.common.modulecore,1.2.103.v201201190400,"org.eclipse.wst.common.modulecore",1348783661896
started,bundle,org.eclipse.jst.common.project.facet.core,1.4.200.v201103170302,"org.eclipse.jst.common.project.facet.core",1348783662085
started,bundle,org.eclipse.jst.ws.jaxrs.core,1.0.301.v201108240656,"org.eclipse.jst.ws.jaxrs.core",1348783662119
activated,editor,org.eclipse.jdt.ui,3.7.2.v20120109-1427,"org.eclipse.jdt.ui.CompilationUnitEditor",1348783662546
activated,editor,org.eclipse.jdt.ui,3.7.2.v20120109-1427,"org.eclipse.jdt.ui.CompilationUnitEditor",1348783666551
closed,editor,org.eclipse.jdt.ui,3.7.2.v20120109-1427,"org.eclipse.jdt.ui.CompilationUnitEditor",1348783666554
deactivated,workbench,org.eclipse.ui.workbench,3.7.1.v20120104-1859,"",1348783669164
activated,workbench,org.eclipse.ui.workbench,3.7.1.v20120104-1859,"",1348783670263
deactivated,workbench,org.eclipse.ui.workbench,3.7.1.v20120104-1859,"",1348783671555
started,bundle,com.google.gdt.eclipse.suite,2.6.0.v201205021203-rel-r37,"com.google.gdt.eclipse.suite",1348783673758
activated,workbench,org.eclipse.ui.workbench,3.7.1.v20120104-1859,"",1348783679683
activated,view,org.eclipse.jdt.ui,3.7.2.v20120109-1427,"org.eclipse.jdt.ui.PackageExplorer",1348783682603
opened,editor,org.eclipse.jdt.ui,3.7.2.v20120109-1427,"org.eclipse.jdt.ui.PropertiesFileEditor",1348783684225
activated,editor,org.eclipse.jdt.ui,3.7.2.v20120109-1427,"org.eclipse.jdt.ui.PropertiesFileEditor",1348783684374
activated,editor,org.eclipse.jdt.ui,3.7.2.v20120109-1427,"org.eclipse.jdt.ui.CompilationUnitEditor",1348783686686
deactivated,workbench,org.eclipse.ui.workbench,3.7.1.v20120104-1859,"",1348783697639
activated,workbench,org.eclipse.ui.workbench,3.7.1.v20120104-1859,"",1348783698921
activated,editor,org.eclipse.jdt.ui,3.7.2.v20120109-1427,"org.eclipse.jdt.ui.PropertiesFileEditor",1348783698968
started,bundle,org.eclipse.wb.rcp,1.5.0.r37x201206111317,"org.eclipse.wb.rcp",1348783708719
started,bundle,org.eclipse.wb.swt,1.5.0.r37x201206111304,"org.eclipse.wb.swt",1348783708743
started,bundle,org.eclipse.wb.swing,1.5.0.r37x201206111310,"org.eclipse.wb.swing",1348783708790
started,bundle,org.eclipse.wb.rcp.databinding,1.5.0.r37x201206111317,"org.eclipse.wb.rcp.databinding",1348783710217
started,bundle,org.eclipse.wb.swing.databinding,1.5.0.r37x201206111310,"org.eclipse.wb.swing.databinding",1348783710272
started,bundle,org.eclipse.wb.core.xml,1.5.0.r37x201206111216,"org.eclipse.wb.core.xml",1348783710783
opened,editor,org.eclipse.wb.core.ui,,"org.eclipse.wb.core.guiEditor",1348783711251
activated,editor,org.eclipse.wb.core.ui,,"org.eclipse.wb.core.guiEditor",1348783711600
started,bundle,org.eclipse.equinox.p2.garbagecollector,1.0.200.v20110815-1419,"org.eclipse.equinox.p2.garbagecollector",1348783746278
executed,command,org.eclipse.ui,3.7.0.v20110928-1505,"org.eclipse.ui.edit.cut",1348783776512
executed,command,org.eclipse.ui,3.7.0.v20110928-1505,"org.eclipse.ui.edit.paste",1348783781943
executed,command,org.eclipse.ui,3.7.0.v20110928-1505,"org.eclipse.ui.file.save",1348783783885
executed,command,org.eclipse.jdt.ui,3.7.2.v20120109-1427,"org.eclipse.jdt.ui.edit.text.java.format",1348783784981
activated,editor,org.eclipse.jdt.ui,3.7.2.v20120109-1427,"org.eclipse.jdt.ui.CompilationUnitEditor",1348783788097
executed,command,org.eclipse.jdt.ui,3.7.2.v20120109-1427,"org.eclipse.jdt.ui.edit.text.java.format",1348783789361
activated,editor,org.eclipse.wb.core.ui,,"org.eclipse.wb.core.guiEditor",1348783791253
deactivated,workbench,org.eclipse.ui.workbench,3.7.1.v20120104-1859,"",1348783798003
started,bundle,org.eclipse.wb.runtime.lib,1.5.0.r37x201206111201,"org.eclipse.wb.runtime.lib",1348783798397
started,bundle,org.eclipse.wb.rcp.nebula,1.5.0.r37x201206111317,"org.eclipse.wb.rcp.nebula",1348783798887
started,bundle,org.eclipse.wb.swing.FormLayout,1.5.0.r37x201206111310,"org.eclipse.wb.swing.FormLayout",1348783798956
started,bundle,org.eclipse.wb.xwt,1.5.0.r37x201206111323,"org.eclipse.wb.xwt",1348783799053
started,bundle,org.eclipse.pde,3.7.2.v201202080800,"org.eclipse.pde",1348783799334
started,bundle,org.eclipse.equinox.simpleconfigurator.manipulator,2.0.0.v20110815-1438,"org.eclipse.equinox.simpleconfigurator.manipulator",1348783799365
started,bundle,org.eclipse.equinox.frameworkadmin,2.0.0.v20110815-1438,"org.eclipse.equinox.frameworkadmin",1348783799410
started,bundle,org.eclipse.wb.rcp.swing2swt,1.5.0.r37x201206111317,"org.eclipse.wb.rcp.swing2swt",1348783803431
started,bundle,org.eclipse.wb.core.databinding,1.5.0.r37x201206111201,"org.eclipse.wb.core.databinding",1348783804842
started,bundle,org.eclipse.wb.swing.jsr296,1.5.0.r37x201206111310,"org.eclipse.wb.swing.jsr296",1348783808826
started,bundle,org.eclipse.wb.swing.MigLayout.lib,1.5.0.r37x201206111310,"org.eclipse.wb.swing.MigLayout.lib",1348783812496
started,bundle,org.eclipse.wb.swing.MigLayout,1.5.0.r37x201206111310,"org.eclipse.wb.swing.MigLayout",1348783812498
started,bundle,org.eclipse.wb.swing.java6,1.5.0.r37x201206111310,"org.eclipse.wb.swing.java6",1348783812524
started,bundle,org.eclipse.wb.layout.group,1.5.0.r37x201206111249,"org.eclipse.wb.layout.group",1348783812547
activated,workbench,org.eclipse.ui.workbench,3.7.1.v20120104-1859,"",1348783813815
started,bundle,com.google.gdt.eclipse.designer.gpe,2.5.0.r37x201201030222,"com.google.gdt.eclipse.designer.gpe",1348783814359
activated,editor,org.eclipse.jdt.ui,3.7.2.v20120109-1427,"org.eclipse.jdt.ui.CompilationUnitEditor",1348783840702
activated,view,org.eclipse.jdt.ui,3.7.2.v20120109-1427,"org.eclipse.jdt.ui.PackageExplorer",1348783843220
deactivated,workbench,org.eclipse.ui.workbench,3.7.1.v20120104-1859,"",1348783849256
started,bundle,org.eclipse.jst.jsp.ui,1.1.602.v201112071516,"org.eclipse.jst.jsp.ui",1348783874155
started,bundle,org.eclipse.jpt.common.core,1.0.2.v201111103010,"org.eclipse.jpt.common.core",1348783874337
started,bundle,org.eclipse.jpt.jpa.core,3.0.2.v201201243020,"org.eclipse.jpt.jpa.core",1348783874341
activated,workbench,org.eclipse.ui.workbench,3.7.1.v20120104-1859,"",1348783898658
executed,command,org.eclipse.jdt.ui,3.7.2.v20120109-1427,"org.eclipse.jdt.ui.edit.text.java.rename.element",1348783898676
activated,editor,org.eclipse.jdt.ui,3.7.2.v20120109-1427,"org.eclipse.jdt.ui.CompilationUnitEditor",1348783900127
executed,command,org.eclipse.ui,3.7.0.v20110928-1505,"org.eclipse.ui.file.save",1348783901610
activated,view,org.eclipse.jdt.ui,3.7.2.v20120109-1427,"org.eclipse.jdt.ui.PackageExplorer",1348783902784
activated,editor,org.eclipse.jdt.ui,3.7.2.v20120109-1427,"org.eclipse.jdt.ui.PropertiesFileEditor",1348783912044
activated,editor,org.eclipse.jdt.ui,3.7.2.v20120109-1427,"org.eclipse.jdt.ui.CompilationUnitEditor",1348783912413
closed,editor,org.eclipse.jdt.ui,3.7.2.v20120109-1427,"org.eclipse.jdt.ui.PropertiesFileEditor",1348783912413
activated,view,org.eclipse.jdt.ui,3.7.2.v20120109-1427,"org.eclipse.jdt.ui.PackageExplorer",1348783914657
deactivated,workbench,org.eclipse.ui.workbench,3.7.1.v20120104-1859,"",1348783918324
started,bundle,org.eclipse.jst.jsp.core,1.2.402.v201112071853,"org.eclipse.jst.jsp.core",1348783933214
started,bundle,com.google.gdt.eclipse.maven,2.6.0.v201205021203-rel-r37,"com.google.gdt.eclipse.maven",1348783933897
activated,workbench,org.eclipse.ui.workbench,3.7.1.v20120104-1859,"",1348783934409
executed,command,org.eclipse.jdt.ui,3.7.2.v20120109-1427,"org.eclipse.jdt.ui.edit.text.java.rename.element",1348783934462
opened,editor,org.eclipse.jdt.ui,3.7.2.v20120109-1427,"org.eclipse.jdt.ui.PropertiesFileEditor",1348783936331
activated,editor,org.eclipse.jdt.ui,3.7.2.v20120109-1427,"org.eclipse.jdt.ui.PropertiesFileEditor",1348783936417
activated,editor,org.eclipse.jdt.ui,3.7.2.v20120109-1427,"org.eclipse.jdt.ui.CompilationUnitEditor",1348783938154
closed,editor,org.eclipse.jdt.ui,3.7.2.v20120109-1427,"org.eclipse.jdt.ui.PropertiesFileEditor",1348783938154
deactivated,workbench,org.eclipse.ui.workbench,3.7.1.v20120104-1859,"",1348783940704
activated,workbench,org.eclipse.ui.workbench,3.7.1.v20120104-1859,"",1348783945905
activated,view,org.eclipse.jdt.ui,3.7.2.v20120109-1427,"org.eclipse.jdt.ui.PackageExplorer",1348783949664
error,log,,,"Unable to create editor ID org.eclipse.jdt.ui.PropertiesFileEditor: Resource is out of sync with the file system: '/OCADA/prop.properties'.",1348783949931
opened,editor,org.eclipse.jdt.ui,3.7.2.v20120109-1427,"org.eclipse.jdt.ui.PropertiesFileEditor",1348783950118
opened,editor,org.eclipse.jdt.ui,3.7.2.v20120109-1427,"org.eclipse.jdt.ui.PropertiesFileEditor",1348783950122
activated,editor,org.eclipse.jdt.ui,3.7.2.v20120109-1427,"org.eclipse.jdt.ui.PropertiesFileEditor",1348783950187
opened,view,org.eclipse.ui.views.log,1.0.200.v20110404,"org.eclipse.pde.runtime.LogView",1348783965785
activated,view,org.eclipse.ui.views.log,1.0.200.v20110404,"org.eclipse.pde.runtime.LogView",1348783965851
activated,editor,org.eclipse.jdt.ui,3.7.2.v20120109-1427,"org.eclipse.jdt.ui.PropertiesFileEditor",1348783968038
activated,view,org.eclipse.ui.views.log,1.0.200.v20110404,"org.eclipse.pde.runtime.LogView",1348783968162
activated,view,org.eclipse.jdt.ui,3.7.2.v20120109-1427,"org.eclipse.jdt.ui.PackageExplorer",1348783969062
deactivated,workbench,org.eclipse.ui.workbench,3.7.1.v20120104-1859,"",1348783970202
activated,workbench,org.eclipse.ui.workbench,3.7.1.v20120104-1859,"",1348783971432
executed,command,org.eclipse.ui,3.7.0.v20110928-1505,"org.eclipse.ui.edit.delete",1348783971444
deactivated,workbench,org.eclipse.ui.workbench,3.7.1.v20120104-1859,"",1348783977620
activated,workbench,org.eclipse.ui.workbench,3.7.1.v20120104-1859,"",1348784032463
executed,command,org.eclipse.ui,3.7.0.v20110928-1505,"org.eclipse.ui.file.refresh",1348784034433
executed,command,org.eclipse.ui,3.7.0.v20110928-1505,"org.eclipse.ui.file.refresh",1348784034911
activated,editor,org.eclipse.jdt.ui,3.7.2.v20120109-1427,"org.eclipse.jdt.ui.PropertiesFileEditor",1348784038378
activated,editor,org.eclipse.jdt.ui,3.7.2.v20120109-1427,"org.eclipse.jdt.ui.CompilationUnitEditor",1348784038516
closed,editor,org.eclipse.jdt.ui,3.7.2.v20120109-1427,"org.eclipse.jdt.ui.PropertiesFileEditor",1348784038518
activated,view,org.eclipse.jdt.ui,3.7.2.v20120109-1427,"org.eclipse.jdt.ui.PackageExplorer",1348784040362
started,bundle,org.eclipse.wst.ws.service.policy.ui,1.0.300.v201108240515,"org.eclipse.wst.ws.service.policy.ui",1348784040529
started,bundle,org.eclipse.wst.ws.service.policy,1.0.303.v201009221810,"org.eclipse.wst.ws.service.policy",1348784040548
started,bundle,org.eclipse.wst.command.env,1.0.409.v201004211805,"org.eclipse.wst.command.env",1348784040674
started,bundle,org.eclipse.wst.ws,1.1.203.v201004211805,"org.eclipse.wst.ws",1348784040675
error,log,,,"Could not create action delegate for id: com.google.gdt.eclipse.managedapis.popupMenu.project.apiImportProjectAction",1348784040969
error,log,,,"Internal plug-in action delegate error on creation.",1348784040979
started,bundle,org.eclipse.wst.common.frameworks.ui,1.2.100.v201105122000,"org.eclipse.wst.common.frameworks.ui",1348784041375
deactivated,workbench,org.eclipse.ui.workbench,3.7.1.v20120104-1859,"",1348784044632
opened,editor,org.eclipse.jdt.ui,3.7.2.v20120109-1427,"org.eclipse.jdt.ui.PropertiesFileEditor",1348784049901
activated,editor,org.eclipse.jdt.ui,3.7.2.v20120109-1427,"org.eclipse.jdt.ui.PropertiesFileEditor",1348784049963
activated,workbench,org.eclipse.ui.workbench,3.7.1.v20120104-1859,"",1348784050043
activated,editor,org.eclipse.jdt.ui,3.7.2.v20120109-1427,"org.eclipse.jdt.ui.CompilationUnitEditor",1348784052096
deactivated,workbench,org.eclipse.ui.workbench,3.7.1.v20120104-1859,"",1348784056488
activated,workbench,org.eclipse.ui.workbench,3.7.1.v20120104-1859,"",1348784057914
activated,editor,org.eclipse.jdt.ui,3.7.2.v20120109-1427,"org.eclipse.jdt.ui.PropertiesFileEditor",1348784057950
activated,editor,org.eclipse.jdt.ui,3.7.2.v20120109-1427,"org.eclipse.jdt.ui.CompilationUnitEditor",1348784060714
activated,view,org.eclipse.jdt.ui,3.7.2.v20120109-1427,"org.eclipse.jdt.ui.PackageExplorer",1348784065283
deactivated,workbench,org.eclipse.ui.workbench,3.7.1.v20120104-1859,"",1348784069946
activated,workbench,org.eclipse.ui.workbench,3.7.1.v20120104-1859,"",1348784099175
opened,editor,org.eclipse.jdt.ui,3.7.2.v20120109-1427,"org.eclipse.jdt.ui.CompilationUnitEditor",1348784099716
activated,editor,org.eclipse.jdt.ui,3.7.2.v20120109-1427,"org.eclipse.jdt.ui.CompilationUnitEditor",1348784099796
activated,view,org.eclipse.jdt.ui,3.7.2.v20120109-1427,"org.eclipse.jdt.ui.PackageExplorer",1348784117600
activated,editor,org.eclipse.jdt.ui,3.7.2.v20120109-1427,"org.eclipse.jdt.ui.CompilationUnitEditor",1348784123896
deactivated,workbench,org.eclipse.ui.workbench,3.7.1.v20120104-1859,"",1348784137917
activated,workbench,org.eclipse.ui.workbench,3.7.1.v20120104-1859,"",1348784139582
activated,editor,org.eclipse.jdt.ui,3.7.2.v20120109-1427,"org.eclipse.jdt.ui.CompilationUnitEditor",1348784139650
closed,editor,org.eclipse.jdt.ui,3.7.2.v20120109-1427,"org.eclipse.jdt.ui.CompilationUnitEditor",1348784139651
activated,view,org.eclipse.jdt.ui,3.7.2.v20120109-1427,"org.eclipse.jdt.ui.PackageExplorer",1348784141845
deactivated,workbench,org.eclipse.ui.workbench,3.7.1.v20120104-1859,"",1348784150369
started,bundle,org.eclipse.jst.j2ee.core,1.2.102.v201202090300,"org.eclipse.jst.j2ee.core",1348784151487
started,bundle,org.eclipse.jem,2.0.501.v201111030500,"org.eclipse.jem",1348784151615
started,bundle,org.eclipse.wst.xml.core,1.1.602.v201201091944,"org.eclipse.wst.xml.core",1348784151818
started,bundle,org.eclipse.wst.validation,1.2.303.v201202090300,"org.eclipse.wst.validation",1348784151911
